series,event,when,match,leg,model,bid,ask,spread,depth,fee,ev,eff_n_min,book_sum,tradeable,thin_data
KXLALIGAGAME,KXLALIGAGAME-26AUG20RVCALA,2026-08-20T22:00,Vallecano v Alaves,HOME,0.45877822107027594,0.44,0.49,0.04999999999999999,346.86,0.017493,-0.04871477892972403,53.884437939110065,1.08,False,False
KXLALIGAGAME,KXLALIGAGAME-26AUG20RVCALA,2026-08-20T22:00,Vallecano v Alaves,DRAW,0.29483664967962525,0.28,0.33,0.04999999999999999,94.35999999999999,0.015477,-0.05064035032037476,53.884437939110065,1.08,False,False
KXLALIGAGAME,KXLALIGAGAME-26AUG20RVCALA,2026-08-20T22:00,Vallecano v Alaves,AWAY,0.24638512925009845,0.21,0.26,0.05000000000000002,511.97220000000004,0.013468,-0.02708287074990156,53.884437939110065,1.08,True,False
KXLALIGAGAME,KXLALIGAGAME-26AUG17DEPELC,2026-08-17T22:00,La Coruna v Elche,HOME,0.4441085557348558,0.39,0.43,0.03999999999999998,660.9000000000001,0.017157000000000002,-0.0030484442651441367,44.2805177473773,1.07,True,False
KXLALIGAGAME,KXLALIGAGAME-26AUG17DEPELC,2026-08-17T22:00,La Coruna v Elche,DRAW,0.2646368038685204,0.27,0.32,0.04999999999999999,380.21000000000004,0.015232,-0.07059519613147963,44.2805177473773,1.07,False,False
KXLALIGAGAME,KXLALIGAGAME-26AUG17DEPELC,2026-08-17T22:00,La Coruna v Elche,AWAY,0.2912546403966238,0.28,0.32,0.03999999999999998,483.52,0.015232,-0.04397735960337621,44.2805177473773,1.07,False,False
KXLALIGAGAME,KXLALIGAGAME-26AUG16RCCOSA,2026-08-16T22:30,Celta v Osasuna,HOME,0.5142773499603962,0.45,0.47,0.019999999999999962,3102.85,0.017437,0.0268403499603962,53.665317508589496,1.01,True,False
KXLALIGAGAME,KXLALIGAGAME-26AUG16RCCOSA,2026-08-16T22:30,Celta v Osasuna,DRAW,0.24789299763724962,0.27,0.28,0.010000000000000009,5357.240000000001,0.014112000000000001,-0.04621900236275041,53.665317508589496,1.01,True,False
KXLALIGAGAME,KXLALIGAGAME-26AUG16RCCOSA,2026-08-16T22:30,Celta v Osasuna,AWAY,0.23782965240235418,0.25,0.26,0.010000000000000009,4096.62,0.013468,-0.03563834759764583,53.665317508589496,1.01,True,False
KXLALIGAGAME,KXLALIGAGAME-26AUG16ESPLEV,2026-08-16T20:00,Espanol v Levante,HOME,0.45775720828162236,0.45,0.48,0.02999999999999997,3028.0248,0.017472,-0.03971479171837762,54.58510562498303,1.08,True,False
KXLALIGAGAME,KXLALIGAGAME-26AUG16ESPLEV,2026-08-16T20:00,Espanol v Levante,DRAW,0.2611970255054642,0.28,0.33,0.04999999999999999,6580.320000000001,0.015477,-0.08427997449453585,54.58510562498303,1.08,True,False
KXLALIGAGAME,KXLALIGAGAME-26AUG16ESPLEV,2026-08-16T20:00,Espanol v Levante,AWAY,0.2810457662129136,0.22,0.27,0.05000000000000002,13547.41,0.013797000000000002,-0.0027512337870864417,54.58510562498303,1.08,True,False
KXLALIGAGAME,KXLALIGAGAME-26AUG16SANVIL,2026-08-16T18:00,Santander v Villarreal,HOME,0.298386233077865,0.3,0.31,0.010000000000000009,1625.7777,0.014972999999999998,-0.026586766922135005,53.85170965677291,1.02,True,False
KXLALIGAGAME,KXLALIGAGAME-26AUG16SANVIL,2026-08-16T18:00,Santander v Villarreal,DRAW,0.20736301348548344,0.26,0.27,0.010000000000000009,1189.7148,0.013797000000000002,-0.07643398651451655,53.85170965677291,1.02,True,False
KXLALIGAGAME,KXLALIGAGAME-26AUG16SANVIL,2026-08-16T18:00,Santander v Villarreal,AWAY,0.49425075343665165,0.42,0.44,0.020000000000000018,1945.0601000000001,0.017248000000000003,0.037002753436651645,53.85170965677291,1.02,True,False
KXLALIGAGAME,KXLALIGAGAME-26AUG15SEVRVC,2026-08-15T22:30,Sevilla v Vallecano,HOME,0.4243084119795759,0.41,0.44,0.030000000000000027,4424.762,0.017248000000000003,-0.03293958802042403,53.75692287335809,1.03,True,False
KXLALIGAGAME,KXLALIGAGAME-26AUG15SEVRVC,2026-08-15T22:30,Sevilla v Vallecano,DRAW,0.28740844837036894,0.29,0.3,0.010000000000000009,5271.38,0.0147,-0.027291551629631074,53.75692287335809,1.03,True,False
KXLALIGAGAME,KXLALIGAGAME-26AUG15SEVRVC,2026-08-15T22:30,Sevilla v Vallecano,AWAY,0.28828313965005525,0.27,0.29,0.019999999999999962,9618.568000000001,0.014413,-0.016129860349944757,53.75692287335809,1.03,True,False
KXLALIGAGAME,KXLALIGAGAME-26AUG15ALAGET,2026-08-15T20:30,Alaves v Getafe,HOME,0.39532122848549667,0.38,0.41,0.02999999999999997,4552.320000000001,0.016933000000000004,-0.03161177151450331,53.71533700692436,1.01,True,False
KXLALIGAGAME,KXLALIGAGAME-26AUG15ALAGET,2026-08-15T20:30,Alaves v Getafe,DRAW,0.32956876427348086,0.33,0.35,0.019999999999999962,3649.2500000000005,0.015925,-0.036356235726519144,53.71533700692436,1.01,True,False
KXLALIGAGAME,KXLALIGAGAME-26AUG15ALAGET,2026-08-15T20:30,Alaves v Getafe,AWAY,0.2751100072410223,0.24,0.25,0.010000000000000009,2006.1499999999999,0.013125000000000001,0.011985007241022302,53.71533700692436,1.01,True,False
KXEPLGAME,KXEPLGAME-26AUG21ARSCOV,2026-08-21T22:00,Arsenal v Coventry,HOME,0.7555626873308579,0.79,0.8,0.010000000000000009,559.4000000000001,0.0112,-0.055637312669142194,53.34356971305728,1.17,True,False
KXEPLGAME,KXEPLGAME-26AUG21ARSCOV,2026-08-21T22:00,Arsenal v Coventry,DRAW,0.15804092309700746,0.07,0.21,0.13999999999999999,155.97000000000003,0.011613000000000002,-0.06357207690299253,53.34356971305728,1.17,False,False
KXEPLGAME,KXEPLGAME-26AUG21ARSCOV,2026-08-21T22:00,Arsenal v Coventry,AWAY,0.08639638957213458,0.03,0.16,0.13,286.74999999999994,0.009408000000000001,-0.08301161042786541,53.34356971305728,1.17,False,False
KXBUNDESLIGA2GAME,KXBUNDESLIGA2GAME-26AUG14EBSBOC,2026-08-14T19:30,Braunschweig v Bochum,HOME,0.3034409314959824,0.05,0.8,0.75,87.81,0.0112,-0.5077590685040176,45.60418162317541,2.4000000000000004,False,False
KXBUNDESLIGA2GAME,KXBUNDESLIGA2GAME-26AUG14EBSBOC,2026-08-14T19:30,Braunschweig v Bochum,DRAW,0.28077860990794923,0.05,0.8,0.75,59.83,0.0112,-0.5304213900920508,45.60418162317541,2.4000000000000004,False,False
KXBUNDESLIGA2GAME,KXBUNDESLIGA2GAME-26AUG14EBSBOC,2026-08-14T19:30,Braunschweig v Bochum,AWAY,0.4157804585960685,0.05,0.8,0.75,88.21000000000001,0.0112,-0.39541954140393154,45.60418162317541,2.4000000000000004,False,False
KXBUNDESLIGA2GAME,KXBUNDESLIGA2GAME-26AUG14HOKSTP,2026-08-14T19:30,Holstein Kiel v St Pauli,HOME,0.3998960140566694,0.05,0.8,0.75,88.19999999999999,0.0112,-0.4113039859433306,47.44609973512566,2.4000000000000004,False,False
KXBUNDESLIGA2GAME,KXBUNDESLIGA2GAME-26AUG14HOKSTP,2026-08-14T19:30,Holstein Kiel v St Pauli,DRAW,0.2875595353798128,0.05,0.8,0.75,59.83,0.0112,-0.5236404646201872,47.44609973512566,2.4000000000000004,False,False
KXBUNDESLIGA2GAME,KXBUNDESLIGA2GAME-26AUG14HOKSTP,2026-08-14T19:30,Holstein Kiel v St Pauli,AWAY,0.31254445056351793,0.05,0.8,0.75,87.81,0.0112,-0.49865554943648205,47.44609973512566,2.4000000000000004,False,False
KXBUNDESLIGA2GAME,KXBUNDESLIGA2GAME-26AUG09FCNSGD,2026-08-09T14:30,Nurnberg v Dresden,HOME,0.42235678065556764,0.4,0.43,0.02999999999999997,6393.7262,0.017157000000000002,-0.024800219344432325,24.86580058675014,1.03,True,False
KXBUNDESLIGA2GAME,KXBUNDESLIGA2GAME-26AUG09FCNSGD,2026-08-09T14:30,Nurnberg v Dresden,DRAW,0.25744997932811536,0.24,0.28,0.040000000000000036,7922.76,0.014112000000000001,-0.03666202067188469,24.86580058675014,1.03,True,False
KXBUNDESLIGA2GAME,KXBUNDESLIGA2GAME-26AUG09FCNSGD,2026-08-09T14:30,Nurnberg v Dresden,AWAY,0.32019324001631677,0.28,0.32,0.03999999999999998,7553.9294,0.015232,-0.015038759983683264,24.86580058675014,1.03,True,False
KXBUNDESLIGA2GAME,KXBUNDESLIGA2GAME-26AUG09STPSGF,2026-08-09T14:30,St Pauli v Greuther Furth,HOME,0.5413538569809613,0.51,0.53,0.020000000000000018,5593.1585,0.017437,-0.006083143019038749,47.28240709665168,1.04,True,False
KXBUNDESLIGA2GAME,KXBUNDESLIGA2GAME-26AUG09STPSGF,2026-08-09T14:30,St Pauli v Greuther Furth,DRAW,0.2557158102802707,0.22,0.25,0.03,5644.339400000001,0.013125000000000001,-0.007409189719729318,47.28240709665168,1.04,True,False
KXBUNDESLIGA2GAME,KXBUNDESLIGA2GAME-26AUG09STPSGF,2026-08-09T14:30,St Pauli v Greuther Furth,AWAY,0.20293033273876812,0.22,0.26,0.04000000000000001,5827.77,0.013468,-0.0705376672612319,47.28240709665168,1.04,True,False
KXBUNDESLIGA2GAME,KXBUNDESLIGA2GAME-26AUG08WOBFCK,2026-08-08T21:30,Wolfsburg v Kaiserslautern,HOME,0.5794521074483228,0.59,0.61,0.020000000000000018,16941.053799999994,0.016653,-0.047200892551677254,44.7011520814536,1.03,True,False
KXBUNDESLIGA2GAME,KXBUNDESLIGA2GAME-26AUG08WOBFCK,2026-08-08T21:30,Wolfsburg v Kaiserslautern,DRAW,0.22025674046775137,0.2,0.22,0.01999999999999999,13297.2819,0.012012000000000002,-0.011755259532248631,44.7011520814536,1.03,True,False
KXBUNDESLIGA2GAME,KXBUNDESLIGA2GAME-26AUG08WOBFCK,2026-08-08T21:30,Wolfsburg v Kaiserslautern,AWAY,0.20029115208392578,0.17,0.2,0.03,18800.329599999997,0.011200000000000002,-0.010908847916074202,44.7011520814536,1.03,True,False
KXBUNDESLIGA2GAME,KXBUNDESLIGA2GAME-26AUG08FCMEBS,2026-08-08T14:00,Magdeburg v Braunschweig,HOME,0.5692589169215734,0.52,0.54,0.020000000000000018,8049.419400000001,0.017388,0.01187091692157334,44.7083724646803,1.0,True,False
KXBUNDESLIGA2GAME,KXBUNDESLIGA2GAME-26AUG08FCMEBS,2026-08-08T14:00,Magdeburg v Braunschweig,DRAW,0.2321724647765165,0.22,0.24,0.01999999999999999,9737.589999999998,0.012768000000000002,-0.02059553522348348,44.7083724646803,1.0,True,False
KXBUNDESLIGA2GAME,KXBUNDESLIGA2GAME-26AUG08FCMEBS,2026-08-08T14:00,Magdeburg v Braunschweig,AWAY,0.19856861830191017,0.2,0.22,0.01999999999999999,20768.030000000002,0.012012000000000002,-0.03344338169808984,44.7083724646803,1.0,True,False
KXBUNDESLIGA2GAME,KXBUNDESLIGA2GAME-26AUG08KSCARM,2026-08-08T14:00,Karlsruhe v Bielefeld,HOME,0.45016198446849404,0.34,0.37,0.02999999999999997,9231.2688,0.016317,0.06384498446849404,28.989132209839994,1.01,True,False
KXBUNDESLIGA2GAME,KXBUNDESLIGA2GAME-26AUG08KSCARM,2026-08-08T14:00,Karlsruhe v Bielefeld,DRAW,0.23776117075979886,0.24,0.25,0.010000000000000009,11037.178700000002,0.013125000000000001,-0.025363829240201145,28.989132209839994,1.01,True,False
KXBUNDESLIGA2GAME,KXBUNDESLIGA2GAME-26AUG08KSCARM,2026-08-08T14:00,Karlsruhe v Bielefeld,AWAY,0.312076844771707,0.38,0.39,0.010000000000000009,17242.7284,0.016653,-0.09457615522829302,28.989132209839994,1.01,True,False
KXBUNDESLIGA2GAME,KXBUNDESLIGA2GAME-26AUG08D98HOK,2026-08-08T14:00,Darmstadt v Holstein Kiel,HOME,0.45714014272045284,0.42,0.43,0.010000000000000009,18301.7694,0.017157000000000002,0.009983142720452923,47.34263191949725,1.02,True,False
KXBUNDESLIGA2GAME,KXBUNDESLIGA2GAME-26AUG08D98HOK,2026-08-08T14:00,Darmstadt v Holstein Kiel,DRAW,0.24694405206255898,0.27,0.28,0.010000000000000009,16765.749999999996,0.014112000000000001,-0.04716794793744104,47.34263191949725,1.02,True,False
KXBUNDESLIGA2GAME,KXBUNDESLIGA2GAME-26AUG08D98HOK,2026-08-08T14:00,Darmstadt v Holstein Kiel,AWAY,0.2959158052169881,0.29,0.31,0.020000000000000018,18932.479400000004,0.014972999999999998,-0.029057194783011872,47.34263191949725,1.02,True,False
KXBUNDESLIGA2GAME,KXBUNDESLIGA2GAME-26AUG08FCHOSN,2026-08-08T14:00,Heidenheim v Osnabruck,HOME,0.6984390799339648,0.58,0.59,0.010000000000000009,15394.735200000003,0.016933000000000004,0.09150607993396484,7.129194959546874,1.0,False,True
KXBUNDESLIGA2GAME,KXBUNDESLIGA2GAME-26AUG08FCHOSN,2026-08-08T14:00,Heidenheim v Osnabruck,DRAW,0.18723526243912555,0.23,0.24,0.009999999999999981,4765.0292,0.012768000000000002,-0.06553273756087444,7.129194959546874,1.0,False,True
KXBUNDESLIGA2GAME,KXBUNDESLIGA2GAME-26AUG08FCHOSN,2026-08-08T14:00,Heidenheim v Osnabruck,AWAY,0.11432565762690966,0.16,0.17,0.010000000000000009,15334.9,0.009877000000000002,-0.06555134237309038,7.129194959546874,1.0,False,True
KXBUNDESLIGA2GAME,KXBUNDESLIGA2GAME-26AUG07BOCBSC,2026-08-07T21:30,Bochum v Hertha,HOME,0.4413497258694318,0.4,0.41,0.009999999999999953,20998.6081,0.016933000000000004,0.014416725869431796,47.340238677045605,1.0,True,False
KXBUNDESLIGA2GAME,KXBUNDESLIGA2GAME-26AUG07BOCBSC,2026-08-07T21:30,Bochum v Hertha,DRAW,0.26421412710014747,0.26,0.27,0.010000000000000009,27632.6522,0.013797000000000002,-0.019582872899852555,47.340238677045605,1.0,True,False
KXBUNDESLIGA2GAME,KXBUNDESLIGA2GAME-26AUG07BOCBSC,2026-08-07T21:30,Bochum v Hertha,AWAY,0.29443614703042065,0.31,0.32,0.010000000000000009,19937.2357,0.015232,-0.04079585296957939,47.340238677045605,1.0,True,False
KXMLSGAME,KXMLSGAME-26AUG08NEHOU,2026-08-08T23:30,New England Revolution v Houston Dynamo,HOME,0.4228260679932895,0.39,0.4,0.010000000000000009,110028.48300000001,0.016800000000000002,0.006026067993289454,48.11466096511023,1.01,True,False
KXMLSGAME,KXMLSGAME-26AUG08NEHOU,2026-08-08T23:30,New England Revolution v Houston Dynamo,DRAW,0.26909053055861193,0.26,0.27,0.010000000000000009,125740.5479,0.013797000000000002,-0.01470646944138809,48.11466096511023,1.01,True,False
KXMLSGAME,KXMLSGAME-26AUG08NEHOU,2026-08-08T23:30,New England Revolution v Houston Dynamo,AWAY,0.30808340144809854,0.33,0.34,0.010000000000000009,100394.65520000001,0.015708000000000003,-0.047624598551901515,48.11466096511023,1.01,True,False
KXMLSGAME,KXMLSGAME-26AUG19VANHOU,2026-08-20T05:30,Vancouver Whitecaps v Houston Dynamo,HOME,0.6031043896481542,0.62,0.66,0.040000000000000036,599.95,0.015708,-0.0726036103518459,48.909582152250024,1.08,True,False
KXMLSGAME,KXMLSGAME-26AUG19VANHOU,2026-08-20T05:30,Vancouver Whitecaps v Houston Dynamo,DRAW,0.223812358146365,0.18,0.21,0.03,296.28,0.011613000000000002,0.0021993581463650262,48.909582152250024,1.08,False,False
KXMLSGAME,KXMLSGAME-26AUG19VANHOU,2026-08-20T05:30,Vancouver Whitecaps v Houston Dynamo,AWAY,0.17308325220548068,0.18,0.21,0.03,3025.7000000000003,0.011613000000000002,-0.04852974779451931,48.909582152250024,1.08,True,False
KXMLSGAME,KXMLSGAME-26AUG19PORSD,2026-08-20T05:30,Portland Timbers v San Diego FC,HOME,0.38749682620250314,0.46,0.51,0.04999999999999999,1401.7,0.017493,-0.13999617379749688,34.4072450403489,1.07,True,False
KXMLSGAME,KXMLSGAME-26AUG19PORSD,2026-08-20T05:30,Portland Timbers v San Diego FC,DRAW,0.2367392227991597,0.2,0.24,0.03999999999999998,766.6100000000001,0.012768000000000002,-0.016028777200840283,34.4072450403489,1.07,True,False
KXMLSGAME,KXMLSGAME-26AUG19PORSD,2026-08-20T05:30,Portland Timbers v San Diego FC,AWAY,0.3757639509983371,0.27,0.32,0.04999999999999999,808.8699999999999,0.015232,0.040531950998337056,34.4072450403489,1.07,True,False
KXMLSGAME,KXMLSGAME-26AUG19LAGSJ,2026-08-20T05:30,Los Angeles Galaxy v San Jose Earthquakes,HOME,0.4793470055033028,0.39,0.41,0.019999999999999962,744.3299999999999,0.016933000000000004,0.05241400550330283,48.26240601933639,1.07,True,False
KXMLSGAME,KXMLSGAME-26AUG19LAGSJ,2026-08-20T05:30,Los Angeles Galaxy v San Jose Earthquakes,DRAW,0.2223805549429534,0.21,0.26,0.05000000000000002,1042.26,0.013468,-0.05108744505704662,48.26240601933639,1.07,True,False
KXMLSGAME,KXMLSGAME-26AUG19LAGSJ,2026-08-20T05:30,Los Angeles Galaxy v San Jose Earthquakes,AWAY,0.2982724395537438,0.35,0.4,0.050000000000000044,812.13,0.016800000000000002,-0.11852756044625626,48.26240601933639,1.07,True,False
KXMLSGAME,KXMLSGAME-26AUG19SEAATX,2026-08-20T04:30,Seattle Sounders v Austin FC,HOME,0.583899342861907,0.56,0.62,0.05999999999999994,1500.8799999999999,0.016492,-0.052592657138092934,49.2840868630113,1.07,True,False
KXMLSGAME,KXMLSGAME-26AUG19SEAATX,2026-08-20T04:30,Seattle Sounders v Austin FC,DRAW,0.23932766647281575,0.2,0.24,0.03999999999999998,752.95,0.012768000000000002,-0.01344033352718424,49.2840868630113,1.07,True,False
KXMLSGAME,KXMLSGAME-26AUG19SEAATX,2026-08-20T04:30,Seattle Sounders v Austin FC,AWAY,0.17677299066527688,0.18,0.21,0.03,362.1599999999999,0.011613000000000002,-0.04484000933472311,49.2840868630113,1.07,False,False
KXMLSGAME,KXMLSGAME-26AUG19RSLDAL,2026-08-20T04:30,Real Salt Lake v FC Dallas,HOME,0.44406794756122725,0.49,0.54,0.050000000000000044,638.3800000000001,0.017388,-0.11332005243877279,49.287223875685356,1.07,True,False
KXMLSGAME,KXMLSGAME-26AUG19RSLDAL,2026-08-20T04:30,Real Salt Lake v FC Dallas,DRAW,0.2548867266534092,0.21,0.25,0.04000000000000001,910.05,0.013125000000000001,-0.008238273346590778,49.287223875685356,1.07,True,False
KXMLSGAME,KXMLSGAME-26AUG19RSLDAL,2026-08-20T04:30,Real Salt Lake v FC Dallas,AWAY,0.3010453257853637,0.23,0.28,0.05000000000000002,698.5999999999999,0.014112000000000001,0.006933325785363665,49.287223875685356,1.07,True,False
KXMLSGAME,KXMLSGAME-26AUG19COLLAFC,2026-08-20T04:30,Colorado Rapids v Los Angeles FC,HOME,0.27262163430374725,0.32,0.37,0.04999999999999999,1411.28,0.016317,-0.11369536569625274,48.6482816257112,1.07,True,False
KXMLSGAME,KXMLSGAME-26AUG19COLLAFC,2026-08-20T04:30,Colorado Rapids v Los Angeles FC,DRAW,0.2512933707781058,0.23,0.27,0.04000000000000001,565.01,0.013797000000000002,-0.032503629221894204,48.6482816257112,1.07,True,False
KXMLSGAME,KXMLSGAME-26AUG19COLLAFC,2026-08-20T04:30,Colorado Rapids v Los Angeles FC,AWAY,0.476084994918147,0.38,0.43,0.04999999999999999,934.76,0.017157000000000002,0.028927994918146963,48.6482816257112,1.07,True,False
KXMLSGAME,KXMLSGAME-26AUG19MINATL,2026-08-20T03:30,Minnesota United v Atlanta Utd,HOME,0.5673530661973475,0.54,0.59,0.04999999999999993,1152.8600000000001,0.016933000000000004,-0.03957993380265251,50.414170782933354,1.06,True,False
KXMLSGAME,KXMLSGAME-26AUG19MINATL,2026-08-20T03:30,Minnesota United v Atlanta Utd,DRAW,0.23787468044769247,0.21,0.25,0.04000000000000001,948.5699999999999,0.013125000000000001,-0.02525031955230753,50.414170782933354,1.06,True,False
KXMLSGAME,KXMLSGAME-26AUG19MINATL,2026-08-20T03:30,Minnesota United v Atlanta Utd,AWAY,0.19477225335495993,0.18,0.22,0.04000000000000001,473.37,0.012012000000000002,-0.037239746645040046,50.414170782933354,1.06,False,False
KXMLSGAME,KXMLSGAME-26AUG19SKCSTL,2026-08-20T03:00,Sporting Kansas City v St. Louis City,HOME,0.3606646239365903,0.28,0.31,0.02999999999999997,469.87000000000006,0.014972999999999998,0.0356916239365903,44.67727150894179,1.05,False,False
KXMLSGAME,KXMLSGAME-26AUG19SKCSTL,2026-08-20T03:00,Sporting Kansas City v St. Louis City,DRAW,0.2424709397170948,0.23,0.26,0.03,1008.1000000000001,0.013468,-0.030997060282905213,44.67727150894179,1.05,True,False
KXMLSGAME,KXMLSGAME-26AUG19SKCSTL,2026-08-20T03:00,Sporting Kansas City v St. Louis City,AWAY,0.39686443634631524,0.45,0.48,0.02999999999999997,479.63,0.017472,-0.10060756365368474,44.67727150894179,1.05,False,False
KXMLSGAME,KXMLSGAME-26AUG19TORCLT,2026-08-20T02:30,Toronto FC v Charlotte,HOME,0.33737340702875046,0.38,0.42,0.03999999999999998,1064.16,0.017052000000000005,-0.09967859297124951,48.196726479317974,1.05,True,False
KXMLSGAME,KXMLSGAME-26AUG19TORCLT,2026-08-20T02:30,Toronto FC v Charlotte,DRAW,0.2824306389457403,0.25,0.27,0.020000000000000018,611.1,0.013797000000000002,-0.0013663610542597442,48.196726479317974,1.05,True,False
KXMLSGAME,KXMLSGAME-26AUG19TORCLT,2026-08-20T02:30,Toronto FC v Charlotte,AWAY,0.38019595402550954,0.32,0.36,0.03999999999999998,641.9200000000001,0.016128,0.004067954025509555,48.196726479317974,1.05,True,False
KXMLSGAME,KXMLSGAME-26AUG19PHIMIA,2026-08-20T02:30,Philadelphia Union v Inter Miami,HOME,0.4229515262607566,0.35,0.37,0.020000000000000018,714.23,0.016317,0.03663452626075664,50.88963759904999,1.04,True,False
KXMLSGAME,KXMLSGAME-26AUG19PHIMIA,2026-08-20T02:30,Philadelphia Union v Inter Miami,DRAW,0.22160575101611482,0.2,0.22,0.01999999999999999,1059.21,0.012012000000000002,-0.010406248983885182,50.88963759904999,1.04,True,False
KXMLSGAME,KXMLSGAME-26AUG19PHIMIA,2026-08-20T02:30,Philadelphia Union v Inter Miami,AWAY,0.3554427227231286,0.44,0.45,0.010000000000000009,5178.39,0.017325000000000007,-0.11188227727687139,50.88963759904999,1.04,True,False
KXMLSGAME,KXMLSGAME-26AUG19ORLCHI,2026-08-20T02:30,Orlando City v Chicago Fire,HOME,0.4832050796530134,0.33,0.36,0.02999999999999997,1552.16,0.016128,0.10707707965301344,49.18361741372891,1.04,True,False
KXMLSGAME,KXMLSGAME-26AUG19ORLCHI,2026-08-20T02:30,Orlando City v Chicago Fire,DRAW,0.21877739855268602,0.22,0.25,0.03,876.3599999999999,0.013125000000000001,-0.04434760144731398,49.18361741372891,1.04,True,False
KXMLSGAME,KXMLSGAME-26AUG19ORLCHI,2026-08-20T02:30,Orlando City v Chicago Fire,AWAY,0.2980175217943004,0.41,0.43,0.020000000000000018,1338.23,0.017157000000000002,-0.14913947820569956,49.18361741372891,1.04,True,False
KXMLSGAME,KXMLSGAME-26AUG19NYRBNSH,2026-08-20T02:30,New York Red Bulls v Nashville SC,HOME,0.349501880500678,0.32,0.35,0.02999999999999997,683.65,0.015925,-0.016423119499321993,50.31112608121005,1.04,True,False
KXMLSGAME,KXMLSGAME-26AUG19NYRBNSH,2026-08-20T02:30,New York Red Bulls v Nashville SC,DRAW,0.2706277159158127,0.25,0.26,0.010000000000000009,700.51,0.013468,-0.0028402840841873153,50.31112608121005,1.04,True,False
KXMLSGAME,KXMLSGAME-26AUG19NYRBNSH,2026-08-20T02:30,New York Red Bulls v Nashville SC,AWAY,0.3798704035835093,0.4,0.43,0.02999999999999997,758.1500000000001,0.017157000000000002,-0.06728659641649065,50.31112608121005,1.04,True,False
KXMLSGAME,KXMLSGAME-26AUG19DCUNE,2026-08-20T02:30,DC United v New England Revolution,HOME,0.37721934420488873,0.45,0.49,0.03999999999999998,1112.5400000000002,0.017493,-0.13027365579511122,48.00963432660964,1.06,True,False
KXMLSGAME,KXMLSGAME-26AUG19DCUNE,2026-08-20T02:30,DC United v New England Revolution,DRAW,0.2577375703292885,0.25,0.27,0.020000000000000018,1162.89,0.013797000000000002,-0.02605942967071148,48.00963432660964,1.06,True,False
KXMLSGAME,KXMLSGAME-26AUG19DCUNE,2026-08-20T02:30,DC United v New England Revolution,AWAY,0.3650430854658225,0.25,0.3,0.04999999999999999,918.5099999999999,0.0147,0.05034308546582247,48.00963432660964,1.06,True,False
KXMLSGAME,KXMLSGAME-26AUG19CLBMTL,2026-08-20T02:30,Columbus Crew v CF Montreal,HOME,0.6369446771544844,0.6,0.63,0.030000000000000027,617.95,0.016317,-0.009372322845515566,48.74208729842028,1.06,True,False
KXMLSGAME,KXMLSGAME-26AUG19CLBMTL,2026-08-20T02:30,Columbus Crew v CF Montreal,DRAW,0.20453668201425415,0.19,0.23,0.04000000000000001,988.6099999999999,0.012397000000000004,-0.037860317985745864,48.74208729842028,1.06,True,False
KXMLSGAME,KXMLSGAME-26AUG19CLBMTL,2026-08-20T02:30,Columbus Crew v CF Montreal,AWAY,0.15851864083126152,0.17,0.2,0.03,1731.2300000000002,0.011200000000000002,-0.05268135916873849,48.74208729842028,1.06,True,False
KXMLSGAME,KXMLSGAME-26AUG19CINNYC,2026-08-20T02:30,FC Cincinnati v New York City,HOME,0.4470564806434577,0.43,0.47,0.03999999999999998,738.51,0.017437,-0.040380519356542265,52.32150446880583,1.06,True,False
KXMLSGAME,KXMLSGAME-26AUG19CINNYC,2026-08-20T02:30,FC Cincinnati v New York City,DRAW,0.24353629707918914,0.25,0.26,0.010000000000000009,860.07,0.013468,-0.02993170292081087,52.32150446880583,1.06,True,False
KXMLSGAME,KXMLSGAME-26AUG19CINNYC,2026-08-20T02:30,FC Cincinnati v New York City,AWAY,0.30940722227735307,0.29,0.33,0.040000000000000036,777.35,0.015477,-0.03606977772264695,52.32150446880583,1.06,True,False
KXMLSGAME,KXMLSGAME-26AUG16SEAVAN,2026-08-17T05:30,Seattle Sounders v Vancouver Whitecaps,HOME,0.3731119760156499,0.28,0.31,0.02999999999999997,2870.2000000000003,0.014972999999999998,0.04813897601564983,51.41144737298424,1.06,True,False
KXMLSGAME,KXMLSGAME-26AUG16SEAVAN,2026-08-17T05:30,Seattle Sounders v Vancouver Whitecaps,DRAW,0.2706468346734077,0.25,0.26,0.010000000000000009,2575.3599999999997,0.013468,-0.002821165326592316,51.41144737298424,1.06,True,False
KXMLSGAME,KXMLSGAME-26AUG16SEAVAN,2026-08-17T05:30,Seattle Sounders v Vancouver Whitecaps,AWAY,0.35624118931094245,0.47,0.49,0.020000000000000018,2480.0,0.017493,-0.1512518106890575,51.41144737298424,1.06,True,False
KXMLSGAME,KXMLSGAME-26AUG16ATXDAL,2026-08-17T03:30,Austin FC v FC Dallas,HOME,0.3497712749644436,0.32,0.35,0.02999999999999997,2875.09,0.015925,-0.016153725035556378,49.2840868630113,1.05,True,False
KXMLSGAME,KXMLSGAME-26AUG16ATXDAL,2026-08-17T03:30,Austin FC v FC Dallas,DRAW,0.26262095278960423,0.25,0.27,0.020000000000000018,1050.28,0.013797000000000002,-0.021176047210395788,49.2840868630113,1.05,True,False
KXMLSGAME,KXMLSGAME-26AUG16ATXDAL,2026-08-17T03:30,Austin FC v FC Dallas,AWAY,0.38760777224595194,0.4,0.43,0.02999999999999997,873.37,0.017157000000000002,-0.059549227754048084,49.2840868630113,1.05,True,False
KXMLSGAME,KXMLSGAME-26AUG16NYCPHI,2026-08-17T01:00,New York City v Philadelphia Union,HOME,0.4562903697978063,0.53,0.55,0.020000000000000018,637.72,0.017325,-0.11103463020219376,50.88963759904999,1.05,True,False
KXMLSGAME,KXMLSGAME-26AUG16NYCPHI,2026-08-17T01:00,New York City v Philadelphia Union,DRAW,0.2624159644045089,0.25,0.26,0.010000000000000009,1108.2,0.013468,-0.011052035595491137,50.88963759904999,1.05,True,False
KXMLSGAME,KXMLSGAME-26AUG16NYCPHI,2026-08-17T01:00,New York City v Philadelphia Union,AWAY,0.2812936657976849,0.21,0.24,0.03,2043.93,0.012768000000000002,0.028525665797684896,50.88963759904999,1.05,True,False
KXMLSGAME,KXMLSGAME-26AUG16CHIPOR,2026-08-17T01:00,Chicago Fire v Portland Timbers,HOME,0.4889027198996972,0.57,0.59,0.020000000000000018,939.5527,0.016933000000000004,-0.11803028010030281,49.18361741372891,1.02,True,False
KXMLSGAME,KXMLSGAME-26AUG16CHIPOR,2026-08-17T01:00,Chicago Fire v Portland Timbers,DRAW,0.22481649772303391,0.18,0.19,0.010000000000000009,617.4100000000001,0.010773000000000001,0.02404349772303391,49.18361741372891,1.02,True,False
KXMLSGAME,KXMLSGAME-26AUG16CHIPOR,2026-08-17T01:00,Chicago Fire v Portland Timbers,AWAY,0.28628078237726884,0.22,0.24,0.01999999999999999,2633.9248,0.012768000000000002,0.033512782377268846,49.18361741372891,1.02,True,False
KXMLSGAME,KXMLSGAME-26AUG15SJSTL,2026-08-16T05:30,San Jose Earthquakes v St. Louis City,HOME,0.5077225385338152,0.52,0.54,0.020000000000000018,584.98,0.017388,-0.04966546146618482,44.67727150894179,1.05,True,False
KXMLSGAME,KXMLSGAME-26AUG15SJSTL,2026-08-16T05:30,San Jose Earthquakes v St. Louis City,DRAW,0.2268238791593269,0.25,0.26,0.010000000000000009,1890.3662,0.013468,-0.04664412084067312,44.67727150894179,1.05,True,False
KXMLSGAME,KXMLSGAME-26AUG15SJSTL,2026-08-16T05:30,San Jose Earthquakes v St. Louis City,AWAY,0.265453582306858,0.22,0.25,0.03,1086.24,0.013125000000000001,0.0023285823068580035,44.67727150894179,1.05,True,False
KXMLSGAME,KXMLSGAME-26AUG15LAFCSD,2026-08-16T05:30,Los Angeles FC v San Diego FC,HOME,0.5487365595372213,0.64,0.66,0.020000000000000018,4070.02,0.015708,-0.1269714404627787,34.4072450403489,1.06,True,False
KXMLSGAME,KXMLSGAME-26AUG15LAFCSD,2026-08-16T05:30,Los Angeles FC v San Diego FC,DRAW,0.2277353828689712,0.18,0.21,0.03,2061.63,0.011613000000000002,0.0061223828689712205,34.4072450403489,1.06,True,False
KXMLSGAME,KXMLSGAME-26AUG15LAFCSD,2026-08-16T05:30,Los Angeles FC v San Diego FC,AWAY,0.2235280575938077,0.18,0.19,0.010000000000000009,4205.870000000001,0.010773000000000001,0.022755057593807696,34.4072450403489,1.06,True,False
KXMLSGAME,KXMLSGAME-26AUG15RSLMIN,2026-08-16T04:30,Real Salt Lake v Minnesota United,HOME,0.4416469519497629,0.56,0.59,0.029999999999999916,1430.3400000000001,0.016933000000000004,-0.16528604805023708,49.287223875685356,1.08,True,False
KXMLSGAME,KXMLSGAME-26AUG15RSLMIN,2026-08-16T04:30,Real Salt Lake v Minnesota United,DRAW,0.2658191535189435,0.21,0.25,0.04000000000000001,1271.75,0.013125000000000001,0.0026941535189434727,49.287223875685356,1.08,True,False
KXMLSGAME,KXMLSGAME-26AUG15RSLMIN,2026-08-16T04:30,Real Salt Lake v Minnesota United,AWAY,0.29253389453129375,0.19,0.24,0.04999999999999999,1400.33,0.012768000000000002,0.039765894531293755,49.287223875685356,1.08,True,False
KXMLSGAME,KXMLSGAME-26AUG15COLSKC,2026-08-16T04:30,Colorado Rapids v Sporting Kansas City,HOME,0.5903120043036868,0.67,0.69,0.019999999999999907,812.9599999999999,0.014973000000000004,-0.11466099569631318,48.6482816257112,1.04,True,False
KXMLSGAME,KXMLSGAME-26AUG15COLSKC,2026-08-16T04:30,Colorado Rapids v Sporting Kansas City,DRAW,0.21128873267758316,0.18,0.2,0.020000000000000018,1863.64,0.011200000000000002,8.873267758317815e-05,48.6482816257112,1.04,True,False
KXMLSGAME,KXMLSGAME-26AUG15COLSKC,2026-08-16T04:30,Colorado Rapids v Sporting Kansas City,AWAY,0.1983992630187301,0.13,0.15,0.01999999999999999,3152.21,0.008925,0.039474263018730096,48.6482816257112,1.04,True,False
KXMLSGAME,KXMLSGAME-26AUG15NSHMIA,2026-08-16T03:30,Nashville SC v Inter Miami,HOME,0.44780572510147476,0.41,0.42,0.010000000000000009,772.79,0.017052000000000005,0.0107537251014748,50.67320562245786,1.03,True,False
KXMLSGAME,KXMLSGAME-26AUG15NSHMIA,2026-08-16T03:30,Nashville SC v Inter Miami,DRAW,0.23168457254641822,0.22,0.23,0.010000000000000009,6252.2226,0.012397000000000004,-0.010712427453581792,50.67320562245786,1.03,True,False
KXMLSGAME,KXMLSGAME-26AUG15NSHMIA,2026-08-16T03:30,Nashville SC v Inter Miami,AWAY,0.3205097023521069,0.36,0.38,0.020000000000000018,31171.62,0.016492,-0.07598229764789313,50.67320562245786,1.03,True,False
KXMLSGAME,KXMLSGAME-26AUG15HOULAG,2026-08-16T03:30,Houston Dynamo v Los Angeles Galaxy,HOME,0.48024900011780425,0.59,0.6,0.010000000000000009,2645.23,0.016800000000000002,-0.13655099988219577,48.909582152250024,1.02,True,False
KXMLSGAME,KXMLSGAME-26AUG15HOULAG,2026-08-16T03:30,Houston Dynamo v Los Angeles Galaxy,DRAW,0.24768002389968366,0.2,0.21,0.009999999999999981,704.7400000000001,0.011613000000000002,0.026067023899683666,48.909582152250024,1.02,True,False
KXMLSGAME,KXMLSGAME-26AUG15HOULAG,2026-08-16T03:30,Houston Dynamo v Los Angeles Galaxy,AWAY,0.27207097598251206,0.2,0.21,0.009999999999999981,1248.1376,0.011613000000000002,0.050457975982512074,48.909582152250024,1.02,True,False
KXMLSGAME,KXMLSGAME-26AUG15TORNE,2026-08-16T02:30,Toronto FC v New England Revolution,HOME,0.38777178702617676,0.4,0.44,0.03999999999999998,1539.21,0.017248000000000003,-0.06947621297382318,48.11466096511023,1.04,True,False
KXMLSGAME,KXMLSGAME-26AUG15TORNE,2026-08-16T02:30,Toronto FC v New England Revolution,DRAW,0.27493435792950577,0.25,0.26,0.010000000000000009,855.9,0.013468,0.0014663579295057863,48.11466096511023,1.04,True,False
KXMLSGAME,KXMLSGAME-26AUG15TORNE,2026-08-16T02:30,Toronto FC v New England Revolution,AWAY,0.3372938550443176,0.33,0.34,0.010000000000000009,1108.89,0.015708000000000003,-0.018414144955682447,48.11466096511023,1.04,True,False
KXMLSGAME,KXMLSGAME-26AUG15ORLCIN,2026-08-16T02:30,Orlando City v FC Cincinnati,HOME,0.4613767677317101,0.43,0.44,0.010000000000000009,1767.996,0.017248000000000003,0.004128767731710097,51.06524587232599,1.03,True,False
KXMLSGAME,KXMLSGAME-26AUG15ORLCIN,2026-08-16T02:30,Orlando City v FC Cincinnati,DRAW,0.21543463643807148,0.2,0.21,0.009999999999999981,2168.1800000000003,0.011613000000000002,-0.006178363561928513,51.06524587232599,1.03,True,False
KXMLSGAME,KXMLSGAME-26AUG15ORLCIN,2026-08-16T02:30,Orlando City v FC Cincinnati,AWAY,0.3231885958302185,0.36,0.38,0.020000000000000018,3729.39,0.016492,-0.07330340416978154,51.06524587232599,1.03,True,False
KXMLSGAME,KXMLSGAME-26AUG15MTLDCU,2026-08-16T02:30,CF Montreal v DC United,HOME,0.4741304697534657,0.41,0.45,0.040000000000000036,886.0400000000001,0.017325000000000007,0.006805469753465659,48.00963432660964,1.06,True,False
KXMLSGAME,KXMLSGAME-26AUG15MTLDCU,2026-08-16T02:30,CF Montreal v DC United,DRAW,0.24909419123411275,0.25,0.28,0.030000000000000027,1108.611,0.014112000000000001,-0.045017808765887304,48.00963432660964,1.06,True,False
KXMLSGAME,KXMLSGAME-26AUG15MTLDCU,2026-08-16T02:30,CF Montreal v DC United,AWAY,0.2767753390124217,0.29,0.33,0.040000000000000036,791.64,0.015477,-0.06870166098757834,48.00963432660964,1.06,True,False
KXMLSGAME,KXMLSGAME-26AUG15CLTCLB,2026-08-16T02:30,Charlotte v Columbus Crew,HOME,0.42604606547448476,0.43,0.46,0.030000000000000027,1898.8100000000002,0.017388000000000004,-0.05134193452551526,49.31885010399148,1.05,True,False
KXMLSGAME,KXMLSGAME-26AUG15CLTCLB,2026-08-16T02:30,Charlotte v Columbus Crew,DRAW,0.2601951167807598,0.24,0.27,0.030000000000000027,2048.21,0.013797000000000002,-0.023601883219240227,49.31885010399148,1.05,True,False
KXMLSGAME,KXMLSGAME-26AUG15CLTCLB,2026-08-16T02:30,Charlotte v Columbus Crew,AWAY,0.3137588177447553,0.3,0.32,0.020000000000000018,1495.795,0.015232,-0.021473182255244756,49.31885010399148,1.05,True,False
KXMLSGAME,KXMLSGAME-26AUG15ATLNYRB,2026-08-16T02:30,Atlanta Utd v New York Red Bulls,HOME,0.4007020697844196,0.5,0.51,0.010000000000000009,12121.240199999998,0.017493,-0.12679093021558044,50.31112608121005,1.03,True,False
KXMLSGAME,KXMLSGAME-26AUG15ATLNYRB,2026-08-16T02:30,Atlanta Utd v New York Red Bulls,DRAW,0.2591057908774423,0.21,0.23,0.020000000000000018,882.84,0.012397000000000004,0.0167087908774423,50.31112608121005,1.03,True,False
KXMLSGAME,KXMLSGAME-26AUG15ATLNYRB,2026-08-16T02:30,Atlanta Utd v New York Red Bulls,AWAY,0.3401921393381381,0.27,0.29,0.019999999999999962,7422.961299999999,0.014413,0.03577913933813807,50.31112608121005,1.03,True,False
KXLIGAMXGAME,KXLIGAMXGAME-26AUG17PACPUE,2026-08-18T06:00,Pachuca v Puebla,HOME,0.6626979772054725,0.68,0.7,0.019999999999999907,1623.932,0.014700000000000003,-0.05200202279452744,49.53409863139076,1.06,True,False
KXLIGAMXGAME,KXLIGAMXGAME-26AUG17PACPUE,2026-08-18T06:00,Pachuca v Puebla,DRAW,0.2102678502707533,0.17,0.2,0.03,386.536,0.011200000000000002,-0.0009321497292466979,49.53409863139076,1.06,False,False
KXLIGAMXGAME,KXLIGAMXGAME-26AUG17PACPUE,2026-08-18T06:00,Pachuca v Puebla,AWAY,0.1270341725237743,0.12,0.16,0.04000000000000001,4447.2436,0.009408000000000001,-0.042373827476225714,49.53409863139076,1.06,True,False
KXLIGAMXGAME,KXLIGAMXGAME-26AUG17NCXLEO,2026-08-18T04:00,Necaxa v Club Leon,HOME,0.5016557212241325,0.42,0.47,0.04999999999999999,1952.1580000000001,0.017437,0.014218721224132515,49.86484130574609,1.1,True,False
KXLIGAMXGAME,KXLIGAMXGAME-26AUG17NCXLEO,2026-08-18T04:00,Necaxa v Club Leon,DRAW,0.24520273887767444,0.24,0.28,0.040000000000000036,1390.5600000000002,0.014112000000000001,-0.04890926112232559,49.86484130574609,1.1,True,False
KXLIGAMXGAME,KXLIGAMXGAME-26AUG17NCXLEO,2026-08-18T04:00,Necaxa v Club Leon,AWAY,0.2531415398981929,0.31,0.35,0.03999999999999998,597.47,0.015925,-0.11278346010180709,49.86484130574609,1.1,True,False
KXLIGAMXGAME,KXLIGAMXGAME-26AUG16SLACDG,2026-08-17T04:00,Santos Laguna v Guadalajara Chivas,HOME,0.24133114166294037,0.19,0.23,0.04000000000000001,1695.85,0.012397000000000004,-0.0010658583370596452,49.64844412300473,1.09,True,False
KXLIGAMXGAME,KXLIGAMXGAME-26AUG16SLACDG,2026-08-17T04:00,Santos Laguna v Guadalajara Chivas,DRAW,0.25470505711954045,0.22,0.25,0.03,1691.1600000000003,0.013125000000000001,-0.008419942880459556,49.64844412300473,1.09,True,False
KXLIGAMXGAME,KXLIGAMXGAME-26AUG16SLACDG,2026-08-17T04:00,Santos Laguna v Guadalajara Chivas,AWAY,0.5039638012175193,0.59,0.61,0.020000000000000018,1564.9,0.016653,-0.12268919878248072,49.64844412300473,1.09,True,False
KXLIGAMXGAME,KXLIGAMXGAME-26AUG16AMEASL,2026-08-17T02:00,Club America v Atl. San Luis,HOME,0.6700856773950693,0.63,0.66,0.030000000000000027,3654.93,0.015708,-0.0056223226049307296,51.126392208364955,1.03,True,False
KXLIGAMXGAME,KXLIGAMXGAME-26AUG16AMEASL,2026-08-17T02:00,Club America v Atl. San Luis,DRAW,0.20043354924888065,0.19,0.21,0.01999999999999999,1621.8792,0.011613000000000002,-0.02117945075111934,51.126392208364955,1.03,True,False
KXLIGAMXGAME,KXLIGAMXGAME-26AUG16AMEASL,2026-08-17T02:00,Club America v Atl. San Luis,AWAY,0.12948077335605002,0.15,0.16,0.010000000000000009,650.82,0.009408000000000001,-0.03992722664394999,51.126392208364955,1.03,True,False
KXLIGAMXGAME,KXLIGAMXGAME-26AUG16PUMQUE,2026-08-16T21:00,UNAM Pumas v Queretaro,HOME,0.6023015575281305,0.58,0.6,0.020000000000000018,1326.0018,0.016800000000000002,-0.014498442471869454,48.686663518684995,1.0899999999999999,True,False
KXLIGAMXGAME,KXLIGAMXGAME-26AUG16PUMQUE,2026-08-16T21:00,UNAM Pumas v Queretaro,DRAW,0.23375743023388795,0.21,0.25,0.04000000000000001,757.715,0.013125000000000001,-0.02936756976611205,48.686663518684995,1.0899999999999999,True,False
KXLIGAMXGAME,KXLIGAMXGAME-26AUG16PUMQUE,2026-08-16T21:00,UNAM Pumas v Queretaro,AWAY,0.1639410122379817,0.21,0.24,0.03,2436.78,0.012768000000000002,-0.0888269877620183,48.686663518684995,1.0899999999999999,True,False
KXLIGAMXGAME,KXLIGAMXGAME-26AUG15ATLTIG,2026-08-16T06:00,Atlas v Tigres UANL,HOME,0.2753621287095577,0.29,0.31,0.020000000000000018,2645.67,0.014972999999999998,-0.04961087129044235,51.83926254470768,1.08,True,False
KXLIGAMXGAME,KXLIGAMXGAME-26AUG15ATLTIG,2026-08-16T06:00,Atlas v Tigres UANL,DRAW,0.27512902804487127,0.27,0.31,0.03999999999999998,1483.62,0.014972999999999998,-0.04984397195512873,51.83926254470768,1.08,True,False
KXLIGAMXGAME,KXLIGAMXGAME-26AUG15ATLTIG,2026-08-16T06:00,Atlas v Tigres UANL,AWAY,0.4495088432455711,0.44,0.46,0.020000000000000018,2739.09,0.017388000000000004,-0.02787915675442883,51.83926254470768,1.08,True,False
KXLIGAMXGAME,KXLIGAMXGAME-26AUG15MONJUA,2026-08-16T04:00,Monterrey v Juarez,HOME,0.6608318594091088,0.61,0.63,0.020000000000000018,4636.15,0.016317,0.014514859409108818,50.86509769292492,1.05,True,False
KXLIGAMXGAME,KXLIGAMXGAME-26AUG15MONJUA,2026-08-16T04:00,Monterrey v Juarez,DRAW,0.1936229042137761,0.21,0.22,0.010000000000000009,904.31,0.012012000000000002,-0.03838909578622391,50.86509769292492,1.05,True,False
KXLIGAMXGAME,KXLIGAMXGAME-26AUG15MONJUA,2026-08-16T04:00,Monterrey v Juarez,AWAY,0.14554523637711517,0.18,0.2,0.020000000000000018,1895.34,0.011200000000000002,-0.06565476362288486,50.86509769292492,1.05,True,False
KXLIGAMXGAME,KXLIGAMXGAME-26AUG15ALATOL,2026-08-16T02:00,Atlante v Toluca,HOME,0.3960388962808467,0.2,0.23,0.03,13489.36,0.012397000000000004,0.15364189628084673,2.9360977608018213,1.09,False,True
KXLIGAMXGAME,KXLIGAMXGAME-26AUG15ALATOL,2026-08-16T02:00,Atlante v Toluca,DRAW,0.24337751513370662,0.21,0.23,0.020000000000000018,2838.83,0.012397000000000004,0.0009805151337066043,2.9360977608018213,1.09,False,True
KXLIGAMXGAME,KXLIGAMXGAME-26AUG15ALATOL,2026-08-16T02:00,Atlante v Toluca,AWAY,0.36058358858544665,0.61,0.63,0.020000000000000018,2964.98,0.016317,-0.28573341141455333,2.9360977608018213,1.09,False,True
KXALLSVENSKANGAME,KXALLSVENSKANGAME-26AUG14ELFVAS,2026-08-14T20:00,Elfsborg v Vasteras SK,HOME,0.54674264554666,0.28,0.8,0.52,44.0,0.0112,-0.26445735445334007,21.095882142994864,2.4000000000000004,False,False
KXALLSVENSKANGAME,KXALLSVENSKANGAME-26AUG14ELFVAS,2026-08-14T20:00,Elfsborg v Vasteras SK,DRAW,0.2281171032966059,0.28,0.8,0.52,44.0,0.0112,-0.5830828967033942,21.095882142994864,2.4000000000000004,False,False
KXALLSVENSKANGAME,KXALLSVENSKANGAME-26AUG14ELFVAS,2026-08-14T20:00,Elfsborg v Vasteras SK,AWAY,0.22514025115673408,0.28,0.8,0.52,44.0,0.0112,-0.586059748843266,21.095882142994864,2.4000000000000004,False,False
KXALLSVENSKANGAME,KXALLSVENSKANGAME-26AUG10VASDJU,2026-08-10T20:00,Vasteras SK v Djurgarden,HOME,0.22227628693950868,0.23,0.25,0.01999999999999999,8445.32,0.013125000000000001,-0.040848713060491315,21.095882142994864,1.02,True,False
KXALLSVENSKANGAME,KXALLSVENSKANGAME-26AUG10VASDJU,2026-08-10T20:00,Vasteras SK v Djurgarden,DRAW,0.23211881303741733,0.23,0.24,0.009999999999999981,7422.5794000000005,0.012768000000000002,-0.020649186962582666,21.095882142994864,1.02,True,False
KXALLSVENSKANGAME,KXALLSVENSKANGAME-26AUG10VASDJU,2026-08-10T20:00,Vasteras SK v Djurgarden,AWAY,0.5456049000230739,0.51,0.53,0.020000000000000018,5609.587200000001,0.017437,-0.0018320999769260923,21.095882142994864,1.02,True,False
KXALLSVENSKANGAME,KXALLSVENSKANGAME-26AUG10SIRBRO,2026-08-10T20:00,Sirius v Brommapojkarna,HOME,0.6309701570578763,0.72,0.73,0.010000000000000009,9292.129999999997,0.013797000000000002,-0.11282684294212372,40.22301455475091,1.01,True,False
KXALLSVENSKANGAME,KXALLSVENSKANGAME-26AUG10SIRBRO,2026-08-10T20:00,Sirius v Brommapojkarna,DRAW,0.1886254295154618,0.16,0.19,0.03,8792.95,0.010773000000000001,-0.012147570484538208,40.22301455475091,1.01,True,False
KXALLSVENSKANGAME,KXALLSVENSKANGAME-26AUG10SIRBRO,2026-08-10T20:00,Sirius v Brommapojkarna,AWAY,0.18040441342666194,0.08,0.09,0.009999999999999995,7036.01,0.005733,0.08467141342666196,40.22301455475091,1.01,True,False
KXALLSVENSKANGAME,KXALLSVENSKANGAME-26AUG09HALGAIS,2026-08-09T17:30,Halmstad v GAIS,HOME,0.1771982375119352,0.16,0.19,0.03,8012.0449,0.010773000000000001,-0.023574762488064806,36.013036138095686,1.04,True,False
KXALLSVENSKANGAME,KXALLSVENSKANGAME-26AUG09HALGAIS,2026-08-09T17:30,Halmstad v GAIS,DRAW,0.2878575710972324,0.23,0.25,0.01999999999999999,7611.519299999999,0.013125000000000001,0.024732571097232422,36.013036138095686,1.04,True,False
KXALLSVENSKANGAME,KXALLSVENSKANGAME-26AUG09HALGAIS,2026-08-09T17:30,Halmstad v GAIS,AWAY,0.5349441913908324,0.57,0.6,0.030000000000000027,6206.1595,0.016800000000000002,-0.08185580860916764,36.013036138095686,1.04,True,False
KXALLSVENSKANGAME,KXALLSVENSKANGAME-26AUG09IFKKAL,2026-08-09T17:30,Goteborg v Kalmar,HOME,0.42469430467974595,0.38,0.4,0.020000000000000018,10762.869,0.016800000000000002,0.00789430467974598,28.863853225855795,1.03,True,False
KXALLSVENSKANGAME,KXALLSVENSKANGAME-26AUG09IFKKAL,2026-08-09T17:30,Goteborg v Kalmar,DRAW,0.2741069290756964,0.26,0.28,0.020000000000000018,7926.214599999999,0.014112000000000001,-0.020005070924303633,28.863853225855795,1.03,True,False
KXALLSVENSKANGAME,KXALLSVENSKANGAME-26AUG09IFKKAL,2026-08-09T17:30,Goteborg v Kalmar,AWAY,0.3011987662445576,0.32,0.35,0.02999999999999997,9191.0866,0.015925,-0.06472623375544234,28.863853225855795,1.03,True,False
KXALLSVENSKANGAME,KXALLSVENSKANGAME-26AUG09MALDEG,2026-08-09T15:00,Malmo FF v Degerfors,HOME,0.7303075871393282,0.64,0.65,0.010000000000000009,7469.923199999999,0.015925,0.06438258713932818,35.58769302899262,1.01,True,False
KXALLSVENSKANGAME,KXALLSVENSKANGAME-26AUG09MALDEG,2026-08-09T15:00,Malmo FF v Degerfors,DRAW,0.17201120779978413,0.2,0.21,0.009999999999999981,11144.023000000001,0.011613000000000002,-0.049601792200215836,35.58769302899262,1.01,True,False
KXALLSVENSKANGAME,KXALLSVENSKANGAME-26AUG09MALDEG,2026-08-09T15:00,Malmo FF v Degerfors,AWAY,0.09768120506088768,0.13,0.15,0.01999999999999999,13949.171600000001,0.008925,-0.06124379493911232,35.58769302899262,1.01,True,False
KXALLSVENSKANGAME,KXALLSVENSKANGAME-26AUG09HIFHAC,2026-08-09T15:00,Hammarby v Hacken,HOME,0.628300552139688,0.62,0.64,0.020000000000000018,12541.8064,0.016128000000000003,-0.027827447860311966,43.63129472195723,1.01,True,False
KXALLSVENSKANGAME,KXALLSVENSKANGAME-26AUG09HIFHAC,2026-08-09T15:00,Hammarby v Hacken,DRAW,0.20072071311334458,0.18,0.19,0.010000000000000009,14359.0976,0.010773000000000001,-5.2286886655424775e-05,43.63129472195723,1.01,True,False
KXALLSVENSKANGAME,KXALLSVENSKANGAME-26AUG09HIFHAC,2026-08-09T15:00,Hammarby v Hacken,AWAY,0.17097873474696754,0.16,0.18,0.01999999999999999,14496.7506,0.010332000000000001,-0.01935326525303243,43.63129472195723,1.01,True,False
KXALLSVENSKANGAME,KXALLSVENSKANGAME-26AUG08MJAELF,2026-08-08T18:30,Mjallby v Elfsborg,HOME,0.5205713038085376,0.38,0.39,0.010000000000000009,14699.9404,0.016653,0.11391830380853754,42.74114638095705,1.03,True,False
KXALLSVENSKANGAME,KXALLSVENSKANGAME-26AUG08MJAELF,2026-08-08T18:30,Mjallby v Elfsborg,DRAW,0.25911709852508835,0.27,0.28,0.010000000000000009,18358.7629,0.014112000000000001,-0.034994901474911674,42.74114638095705,1.03,True,False
KXALLSVENSKANGAME,KXALLSVENSKANGAME-26AUG08MJAELF,2026-08-08T18:30,Mjallby v Elfsborg,AWAY,0.220311597666374,0.34,0.36,0.019999999999999962,15243.4294,0.016128,-0.15581640233362598,42.74114638095705,1.03,True,False
KXALLSVENSKANGAME,KXALLSVENSKANGAME-26AUG08ORGAIK,2026-08-08T16:00,Orgryte v AIK,HOME,0.24868650858425737,0.31,0.32,0.010000000000000009,12784.0584,0.015232,-0.08654549141574266,13.252030959684554,1.01,False,True
KXALLSVENSKANGAME,KXALLSVENSKANGAME-26AUG08ORGAIK,2026-08-08T16:00,Orgryte v AIK,DRAW,0.25126667700679484,0.25,0.26,0.010000000000000009,16059.738399999998,0.013468,-0.022201322993205173,13.252030959684554,1.01,False,True
KXALLSVENSKANGAME,KXALLSVENSKANGAME-26AUG08ORGAIK,2026-08-08T16:00,Orgryte v AIK,AWAY,0.5000468144089478,0.42,0.43,0.010000000000000009,14014.9451,0.017157000000000002,0.052889814408947855,13.252030959684554,1.01,False,True
KXSCOTTISHPREMGAME,KXSCOTTISHPREMGAME-26AUG09RFCHIB,2026-08-09T18:00,Rangers v Hibernian,HOME,0.6256325928422625,0.61,0.62,0.010000000000000009,9956.638,0.016492,-0.010859407157737526,53.77113884131835,1.02,True,False
KXSCOTTISHPREMGAME,KXSCOTTISHPREMGAME-26AUG09RFCHIB,2026-08-09T18:00,Rangers v Hibernian,DRAW,0.2129024637891866,0.21,0.23,0.020000000000000018,11577.49,0.012397000000000004,-0.029494536210813424,53.77113884131835,1.02,True,False
KXSCOTTISHPREMGAME,KXSCOTTISHPREMGAME-26AUG09RFCHIB,2026-08-09T18:00,Rangers v Hibernian,AWAY,0.16146494336855116,0.16,0.17,0.010000000000000009,20853.71,0.009877000000000002,-0.018412056631448855,53.77113884131835,1.02,True,False
KXSCOTTISHPREMGAME,KXSCOTTISHPREMGAME-26AUG09MOTFAL,2026-08-09T17:00,Motherwell v Falkirk,HOME,0.5515316675783799,0.5,0.51,0.010000000000000009,10363.516399999999,0.017493,0.024038667578379892,51.80541775557252,1.02,True,False
KXSCOTTISHPREMGAME,KXSCOTTISHPREMGAME-26AUG09MOTFAL,2026-08-09T17:00,Motherwell v Falkirk,DRAW,0.244253533932436,0.25,0.26,0.010000000000000009,15402.64,0.013468,-0.029214466067563997,51.80541775557252,1.02,True,False
KXSCOTTISHPREMGAME,KXSCOTTISHPREMGAME-26AUG09MOTFAL,2026-08-09T17:00,Motherwell v Falkirk,AWAY,0.20421479848918395,0.22,0.25,0.03,13708.390000000001,0.013125000000000001,-0.05891020151081605,51.80541775557252,1.02,True,False
KXSCOTTISHPREMGAME,KXSCOTTISHPREMGAME-26AUG09HOMDUU,2026-08-09T17:00,Hearts v Dundee United,HOME,0.6029832700330863,0.57,0.58,0.010000000000000009,9087.268100000001,0.017052000000000005,0.005931270033086279,53.507500148826956,1.0,True,False
KXSCOTTISHPREMGAME,KXSCOTTISHPREMGAME-26AUG09HOMDUU,2026-08-09T17:00,Hearts v Dundee United,DRAW,0.24241180240956248,0.22,0.23,0.010000000000000009,10761.279999999999,0.012397000000000004,1.4802409562491084e-05,53.507500148826956,1.0,True,False
KXSCOTTISHPREMGAME,KXSCOTTISHPREMGAME-26AUG09HOMDUU,2026-08-09T17:00,Hearts v Dundee United,AWAY,0.15460492755735147,0.18,0.19,0.010000000000000009,9055.36,0.010773000000000001,-0.04616807244264853,53.507500148826956,1.0,True,False
KXSCOTTISHPREMGAME,KXSCOTTISHPREMGAME-26AUG09KILCEL,2026-08-09T15:30,Kilmarnock v Celtic,HOME,0.13901554419164527,0.12,0.13,0.010000000000000009,17296.75,0.007917,0.001098544191645269,53.58675476382372,0.99,True,False
KXSCOTTISHPREMGAME,KXSCOTTISHPREMGAME-26AUG09KILCEL,2026-08-09T15:30,Kilmarnock v Celtic,DRAW,0.19532772342066682,0.16,0.17,0.010000000000000009,16250.460000000001,0.009877000000000002,0.015450723420666801,53.58675476382372,0.99,True,False
KXSCOTTISHPREMGAME,KXSCOTTISHPREMGAME-26AUG09KILCEL,2026-08-09T15:30,Kilmarnock v Celtic,AWAY,0.6656567323876879,0.68,0.69,0.009999999999999898,10480.913,0.014973000000000004,-0.03931626761231209,53.58675476382372,0.99,True,False
KXSCOTTISHPREMGAME,KXSCOTTISHPREMGAME-26AUG08MIRJOH,2026-08-08T17:00,St Mirren v St Johnstone,HOME,0.3892235182015658,0.4,0.42,0.019999999999999962,22106.6751,0.017052000000000005,-0.04782848179843421,51.87745991298526,1.02,True,False
KXSCOTTISHPREMGAME,KXSCOTTISHPREMGAME-26AUG08MIRJOH,2026-08-08T17:00,St Mirren v St Johnstone,DRAW,0.3082940391207396,0.27,0.29,0.019999999999999962,22779.977799999997,0.014413,0.0038810391207395965,51.87745991298526,1.02,True,False
KXSCOTTISHPREMGAME,KXSCOTTISHPREMGAME-26AUG08MIRJOH,2026-08-08T17:00,St Mirren v St Johnstone,AWAY,0.30248244267769436,0.3,0.31,0.010000000000000009,22966.8554,0.014972999999999998,-0.022490557322305635,51.87745991298526,1.02,True,False
KXSCOTTISHPREMGAME,KXSCOTTISHPREMGAME-26AUG08DUNABE,2026-08-08T17:00,Dundee v Aberdeen,HOME,0.41908594203551003,0.33,0.35,0.019999999999999962,31418.1171,0.015925,0.053160942035509993,53.40986751549692,1.02,True,False
KXSCOTTISHPREMGAME,KXSCOTTISHPREMGAME-26AUG08DUNABE,2026-08-08T17:00,Dundee v Aberdeen,DRAW,0.27737019205469843,0.27,0.29,0.019999999999999962,39783.0447,0.014413,-0.027042807945301554,53.40986751549692,1.02,True,False
KXSCOTTISHPREMGAME,KXSCOTTISHPREMGAME-26AUG08DUNABE,2026-08-08T17:00,Dundee v Aberdeen,AWAY,0.3035438659097913,0.37,0.38,0.010000000000000009,30180.267200000002,0.016492,-0.09294813409020866,53.40986751549692,1.02,True,False
KXJLEAGUEGAME,KXJLEAGUEGAME-26AUG08AVIVIK,2026-08-08T13:00,Avispa Fukuoka v Vissel Kobe,HOME,0.2662471800142695,0.2,0.22,0.01999999999999999,9842.86,0.012012000000000002,0.03423518001426953,36.22062468201994,1.01,True,False
KXJLEAGUEGAME,KXJLEAGUEGAME-26AUG08AVIVIK,2026-08-08T13:00,Avispa Fukuoka v Vissel Kobe,DRAW,0.3189652798870973,0.28,0.3,0.019999999999999962,10013.350000000002,0.0147,0.004265279887097259,36.22062468201994,1.01,True,False
KXJLEAGUEGAME,KXJLEAGUEGAME-26AUG08AVIVIK,2026-08-08T13:00,Avispa Fukuoka v Vissel Kobe,AWAY,0.4147875400986331,0.47,0.49,0.020000000000000018,10799.880000000001,0.017493,-0.09270545990136686,36.22062468201994,1.01,True,False
KXJLEAGUEGAME,KXJLEAGUEGAME-26AUG08CERFAG,2026-08-08T13:00,Cerezo Osaka v Okayama,HOME,0.48866986691811043,0.5,0.52,0.020000000000000018,7919.01,0.017472,-0.04880213308188956,18.52623709471012,1.03,True,False
KXJLEAGUEGAME,KXJLEAGUEGAME-26AUG08CERFAG,2026-08-08T13:00,Cerezo Osaka v Okayama,DRAW,0.26128802754644437,0.24,0.26,0.020000000000000018,11179.32,0.013468,-0.012179972453555642,18.52623709471012,1.03,True,False
KXJLEAGUEGAME,KXJLEAGUEGAME-26AUG08CERFAG,2026-08-08T13:00,Cerezo Osaka v Okayama,AWAY,0.25004210553544526,0.23,0.25,0.01999999999999999,7973.88,0.013125000000000001,-0.013082894464554743,18.52623709471012,1.03,True,False
KXJLEAGUEGAME,KXJLEAGUEGAME-26AUG08NGESHI,2026-08-08T13:00,Nagoya Grampus v Shimizu S-Pulse,HOME,0.4554712676486377,0.44,0.45,0.010000000000000009,10770.896799999999,0.017325000000000007,-0.011853732351362334,22.640689926843855,1.01,True,False
KXJLEAGUEGAME,KXJLEAGUEGAME-26AUG08NGESHI,2026-08-08T13:00,Nagoya Grampus v Shimizu S-Pulse,DRAW,0.26016253793387784,0.26,0.27,0.010000000000000009,15321.169999999998,0.013797000000000002,-0.023634462066122186,22.640689926843855,1.01,True,False
KXJLEAGUEGAME,KXJLEAGUEGAME-26AUG08NGESHI,2026-08-08T13:00,Nagoya Grampus v Shimizu S-Pulse,AWAY,0.2843661944174847,0.27,0.29,0.019999999999999962,13190.669399999999,0.014413,-0.020046805582515308,22.640689926843855,1.01,True,False
KXJLEAGUEGAME,KXJLEAGUEGAME-26AUG08TOKMAC,2026-08-08T13:00,FC Tokyo v Machida,HOME,0.3086916066725221,0.39,0.41,0.019999999999999962,12433.266599999999,0.016933000000000004,-0.11824139332747788,28.083081217765304,1.04,True,False
KXJLEAGUEGAME,KXJLEAGUEGAME-26AUG08TOKMAC,2026-08-08T13:00,FC Tokyo v Machida,DRAW,0.27314926415750945,0.29,0.31,0.020000000000000018,11872.9894,0.014972999999999998,-0.051823735842490545,28.083081217765304,1.04,True,False
KXJLEAGUEGAME,KXJLEAGUEGAME-26AUG08TOKMAC,2026-08-08T13:00,FC Tokyo v Machida,AWAY,0.4181591291699686,0.29,0.32,0.030000000000000027,10884.5694,0.015232,0.08292712916996861,28.083081217765304,1.04,True,False
KXJLEAGUEGAME,KXJLEAGUEGAME-26AUG07GAMURD,2026-08-07T13:30,Gamba Osaka v Urawa Reds,HOME,0.3727727894998436,0.4,0.41,0.009999999999999953,16440.524399999995,0.016933000000000004,-0.05416021050015635,36.81255406398468,1.02,True,False
KXJLEAGUEGAME,KXJLEAGUEGAME-26AUG07GAMURD,2026-08-07T13:30,Gamba Osaka v Urawa Reds,DRAW,0.26953408018356634,0.28,0.29,0.009999999999999953,20263.4368,0.014413,-0.034878919816433644,36.81255406398468,1.02,True,False
KXJLEAGUEGAME,KXJLEAGUEGAME-26AUG07GAMURD,2026-08-07T13:30,Gamba Osaka v Urawa Reds,AWAY,0.35769313031658984,0.3,0.32,0.020000000000000018,19535.507200000004,0.015232,0.0224611303165898,36.81255406398468,1.02,True,False
KXJLEAGUEGAME,KXJLEAGUEGAME-26AUG07MARKAS,2026-08-07T13:25,Yokohama F. Marinos v Kashima Antlers,HOME,0.3418525734810082,0.24,0.26,0.020000000000000018,22732.7448,0.013468,0.06838457348100824,36.81175968040809,1.02,True,False
KXJLEAGUEGAME,KXJLEAGUEGAME-26AUG07MARKAS,2026-08-07T13:25,Yokohama F. Marinos v Kashima Antlers,DRAW,0.25159032123301434,0.26,0.27,0.010000000000000009,22139.6269,0.013797000000000002,-0.032206678766985686,36.81175968040809,1.02,True,False
KXJLEAGUEGAME,KXJLEAGUEGAME-26AUG07MARKAS,2026-08-07T13:25,Yokohama F. Marinos v Kashima Antlers,AWAY,0.4065571052859775,0.48,0.49,0.010000000000000009,12313.1506,0.017493,-0.10093589471402245,36.81175968040809,1.02,True,False
KXELITESERIENGAME,KXELITESERIENGAME-26AUG14RBKVIK,2026-08-14T20:00,Rosenborg v Viking,HOME,0.32854890992701397,0.28,0.8,0.52,42.0,0.0112,-0.482651090072986,44.09594604512216,2.4000000000000004,False,False
KXELITESERIENGAME,KXELITESERIENGAME-26AUG14RBKVIK,2026-08-14T20:00,Rosenborg v Viking,DRAW,0.2234660525027418,0.28,0.8,0.52,42.0,0.0112,-0.5877339474972583,44.09594604512216,2.4000000000000004,False,False
KXELITESERIENGAME,KXELITESERIENGAME-26AUG14RBKVIK,2026-08-14T20:00,Rosenborg v Viking,AWAY,0.4479850375702442,0.28,0.8,0.52,42.0,0.0112,-0.3632149624297558,44.09594604512216,2.4000000000000004,False,False
KXELITESERIENGAME,KXELITESERIENGAME-26AUG09KBKMFK,2026-08-09T20:15,Kristiansund v Molde,HOME,0.2402468910669243,0.18,0.2,0.020000000000000018,8648.61,0.011200000000000002,0.029046891066924305,40.43636532260568,1.03,True,False
KXELITESERIENGAME,KXELITESERIENGAME-26AUG09KBKMFK,2026-08-09T20:15,Kristiansund v Molde,DRAW,0.22684427566200055,0.21,0.25,0.04000000000000001,12191.810000000001,0.013125000000000001,-0.03628072433799945,40.43636532260568,1.03,True,False
KXELITESERIENGAME,KXELITESERIENGAME-26AUG09KBKMFK,2026-08-09T20:15,Kristiansund v Molde,AWAY,0.5329088332710751,0.55,0.58,0.029999999999999916,7769.5599999999995,0.017052000000000005,-0.06414316672892487,40.43636532260568,1.03,True,False
KXELITESERIENGAME,KXELITESERIENGAME-26AUG09HAKAFK,2026-08-09T18:00,Ham-Kam v Aalesund,HOME,0.5803316983279121,0.44,0.46,0.020000000000000018,8443.436800000001,0.017388000000000004,0.1029436983279121,4.688811568069844,1.02,False,True
KXELITESERIENGAME,KXELITESERIENGAME-26AUG09HAKAFK,2026-08-09T18:00,Ham-Kam v Aalesund,DRAW,0.20414004481078837,0.23,0.25,0.01999999999999999,11064.73,0.013125000000000001,-0.058984955189211624,4.688811568069844,1.02,False,True
KXELITESERIENGAME,KXELITESERIENGAME-26AUG09HAKAFK,2026-08-09T18:00,Ham-Kam v Aalesund,AWAY,0.21552825686129945,0.28,0.31,0.02999999999999997,9100.6694,0.014972999999999998,-0.10944474313870055,4.688811568069844,1.02,False,True
KXELITESERIENGAME,KXELITESERIENGAME-26AUG09LSKRBK,2026-08-09T15:30,Lillestrom v Rosenborg,HOME,0.4075447978981596,0.39,0.43,0.03999999999999998,6727.6972000000005,0.017157000000000002,-0.03961220210184033,28.457032297692567,1.04,True,False
KXELITESERIENGAME,KXELITESERIENGAME-26AUG09LSKRBK,2026-08-09T15:30,Lillestrom v Rosenborg,DRAW,0.2461014471772128,0.24,0.27,0.030000000000000027,7131.5199999999995,0.013797000000000002,-0.03769555282278722,28.457032297692567,1.04,True,False
KXELITESERIENGAME,KXELITESERIENGAME-26AUG09LSKRBK,2026-08-09T15:30,Lillestrom v Rosenborg,AWAY,0.34635375492462767,0.32,0.34,0.020000000000000018,7910.169999999999,0.015708000000000003,-0.009354245075372417,28.457032297692567,1.04,True,False
KXELITESERIENGAME,KXELITESERIENGAME-26AUG08STAFFK,2026-08-08T19:00,Start v Fredrikstad,HOME,0.31517833644453236,0.41,0.43,0.020000000000000018,10676.911500000002,0.017157000000000002,-0.1319786635554676,14.261567852613224,1.0,False,True
KXELITESERIENGAME,KXELITESERIENGAME-26AUG08STAFFK,2026-08-08T19:00,Start v Fredrikstad,DRAW,0.2646379299865295,0.26,0.27,0.010000000000000009,29923.3384,0.013797000000000002,-0.019159070013470475,14.261567852613224,1.0,False,True
KXELITESERIENGAME,KXELITESERIENGAME-26AUG08STAFFK,2026-08-08T19:00,Start v Fredrikstad,AWAY,0.42018373356893807,0.29,0.3,0.010000000000000009,29576.917000000005,0.0147,0.10548373356893805,14.261567852613224,1.0,False,True
KXELITESERIENGAME,KXELITESERIENGAME-26AUG08VIKSAR,2026-08-08T17:00,Viking v Sarpsborg 08,HOME,0.716230118909958,0.69,0.7,0.010000000000000009,19761.9999,0.014700000000000003,0.001530118909958066,44.09594604512216,1.0,True,False
KXELITESERIENGAME,KXELITESERIENGAME-26AUG08VIKSAR,2026-08-08T17:00,Viking v Sarpsborg 08,DRAW,0.15519734188601322,0.15,0.16,0.010000000000000009,18206.1124,0.009408000000000001,-0.014210658113986781,44.09594604512216,1.0,True,False
KXELITESERIENGAME,KXELITESERIENGAME-26AUG08VIKSAR,2026-08-08T17:00,Viking v Sarpsborg 08,AWAY,0.1285725392040287,0.13,0.14,0.010000000000000009,34602.16559999999,0.008428000000000001,-0.01985546079597132,44.09594604512216,1.0,True,False
KXELITESERIENGAME,KXELITESERIENGAME-26AUG08VIFBOG,2026-08-08T15:00,Valerenga v Bodo/Glimt,HOME,0.15255004702101232,0.15,0.17,0.020000000000000018,22133.771699999998,0.009877000000000002,-0.02732695297898769,36.60060171863495,1.03,True,False
KXELITESERIENGAME,KXELITESERIENGAME-26AUG08VIFBOG,2026-08-08T15:00,Valerenga v Bodo/Glimt,DRAW,0.1681855778955528,0.18,0.19,0.010000000000000009,37225.923,0.010773000000000001,-0.03258742210444718,36.60060171863495,1.03,True,False
KXELITESERIENGAME,KXELITESERIENGAME-26AUG08VIFBOG,2026-08-08T15:00,Valerenga v Bodo/Glimt,AWAY,0.679264375083435,0.65,0.67,0.020000000000000018,25683.8771,0.015477,-0.0062126249165650824,36.60060171863495,1.03,True,False
KXELITESERIENGAME,KXELITESERIENGAME-26AUG07SANKFU,2026-08-07T20:00,Sandefjord v KFUM Oslo,HOME,0.4929103291093208,0.47,0.48,0.010000000000000009,22607.5173,0.017472,-0.004561670890679145,36.47326533668462,1.01,True,False
KXELITESERIENGAME,KXELITESERIENGAME-26AUG07SANKFU,2026-08-07T20:00,Sandefjord v KFUM Oslo,DRAW,0.25026082219119306,0.25,0.26,0.010000000000000009,46786.0637,0.013468,-0.023207177808806954,36.47326533668462,1.01,True,False
KXELITESERIENGAME,KXELITESERIENGAME-26AUG07SANKFU,2026-08-07T20:00,Sandefjord v KFUM Oslo,AWAY,0.25682884869948597,0.25,0.27,0.020000000000000018,38642.3705,0.013797000000000002,-0.026968151300514054,36.47326533668462,1.01,True,False
